date,filename,org,max_slope,r2,substrate
20230302,output//20230302_64DHH_replication_4NP_butyrate_all_data_calculated_slopes.csv,DH_bio2,4.4159,0.9997,butyrate
20230302,output//20230302_64DHH_replication_4NP_butyrate_all_data_calculated_slopes.csv,DH_bio3,4.4098,0.9901,butyrate
20230302,output//20230302_64DHH_replication_4NP_butyrate_all_data_calculated_slopes.csv,DH_bio1,4.1145,0.997,butyrate
20230302,output//20230302_64DHH_replication_4NP_butyrate_all_data_calculated_slopes.csv,p006_bio2,1.7787,1,butyrate
20230302,output//20230302_64DHH_replication_4NP_butyrate_all_data_calculated_slopes.csv,p006_bio3,1.5963,0.9999,butyrate
20230302,output//20230302_64DHH_replication_4NP_butyrate_all_data_calculated_slopes.csv,p006_bio1,1.246,0.9995,butyrate
20230302,output//20230302_64DHH_replication_4NP_butyrate_all_data_calculated_slopes.csv,p082_bio3,0.2632,0.9976,butyrate
20230302,output//20230302_64DHH_replication_4NP_butyrate_all_data_calculated_slopes.csv,Asti_bio1,0.2565,0.9887,butyrate
20230302,output//20230302_64DHH_replication_4NP_butyrate_all_data_calculated_slopes.csv,Asti_bio2,0.2529,0.9935,butyrate
20230302,output//20230302_64DHH_replication_4NP_butyrate_all_data_calculated_slopes.csv,p059_bio2,0.2505,0.997,butyrate
20230302,output//20230302_64DHH_replication_4NP_butyrate_all_data_calculated_slopes.csv,p082_bio1,0.2341,0.986,butyrate
20230302,output//20230302_64DHH_replication_4NP_butyrate_all_data_calculated_slopes.csv,Asti_bio3,0.2302,0.9988,butyrate
20230302,output//20230302_64DHH_replication_4NP_butyrate_all_data_calculated_slopes.csv,p012_bio2,0.2232,0.9958,butyrate
20230302,output//20230302_64DHH_replication_4NP_butyrate_all_data_calculated_slopes.csv,N41_bio3,0.2169,0.9935,butyrate
20230302,output//20230302_64DHH_replication_4NP_butyrate_all_data_calculated_slopes.csv,p012_bio1,0.1936,0.9691,butyrate
20230302,output//20230302_64DHH_replication_4NP_butyrate_all_data_calculated_slopes.csv,N41_bio1,0.1801,0.9789,butyrate
20230302,output//20230302_64DHH_replication_4NP_butyrate_all_data_calculated_slopes.csv,EV_bio3,0.1707,0.9933,butyrate
20230302,output//20230302_64DHH_replication_4NP_butyrate_all_data_calculated_slopes.csv,EV_bio2,0.1533,0.9995,butyrate
20230302,output//20230302_64DHH_replication_4NP_butyrate_all_data_calculated_slopes.csv,p035_bio2,0.15310000000000001,0.9984,butyrate
20230302,output//20230302_64DHH_replication_4NP_butyrate_all_data_calculated_slopes.csv,p082_bio2,0.1485,0.9967,butyrate
20230302,output//20230302_64DHH_replication_4NP_butyrate_all_data_calculated_slopes.csv,p059_bio1,0.1463,0.9899,butyrate
20230302,output//20230302_64DHH_replication_4NP_butyrate_all_data_calculated_slopes.csv,p071_bio3,0.1401,0.9949,butyrate
20230302,output//20230302_64DHH_replication_4NP_butyrate_all_data_calculated_slopes.csv,p071_bio2,0.1379,0.9983,butyrate
20230302,output//20230302_64DHH_replication_4NP_butyrate_all_data_calculated_slopes.csv,p059_bio3,0.1374,0.9966,butyrate
20230302,output//20230302_64DHH_replication_4NP_butyrate_all_data_calculated_slopes.csv,p035_bio1,0.1347,0.9989,butyrate
20230302,output//20230302_64DHH_replication_4NP_butyrate_all_data_calculated_slopes.csv,p012_bio3,0.1253,0.9891,butyrate
20230302,output//20230302_64DHH_replication_4NP_butyrate_all_data_calculated_slopes.csv,p035_bio3,0.1143,0.9976,butyrate
20230302,output//20230302_64DHH_replication_4NP_butyrate_all_data_calculated_slopes.csv,N41_bio2,0.1118,0.9536,butyrate
20230302,output//20230302_64DHH_replication_4NP_butyrate_all_data_calculated_slopes.csv,EV_bio1,0.0969,0.9942,butyrate
20230302,output//20230302_64DHH_replication_4NP_butyrate_all_data_calculated_slopes.csv,p071_bio1,0.088,0.995,butyrate
20230309,output//20230309_64DHH_replication_4NP_butyrate_2_all_data_calculated_slopes.csv,DH_bio3,2.7934,0.9831,butyrate
20230309,output//20230309_64DHH_replication_4NP_butyrate_2_all_data_calculated_slopes.csv,DH_bio1,1.5619,0.9561,butyrate
20230309,output//20230309_64DHH_replication_4NP_butyrate_2_all_data_calculated_slopes.csv,DH_bio2,1.0746,0.9335,butyrate
20230309,output//20230309_64DHH_replication_4NP_butyrate_2_all_data_calculated_slopes.csv,p083_bio3,0.787,0.9844,butyrate
20230309,output//20230309_64DHH_replication_4NP_butyrate_2_all_data_calculated_slopes.csv,p017_bio2,0.6452,0.994,butyrate
20230309,output//20230309_64DHH_replication_4NP_butyrate_2_all_data_calculated_slopes.csv,p024_bio3,0.5957,0.931,butyrate
20230309,output//20230309_64DHH_replication_4NP_butyrate_2_all_data_calculated_slopes.csv,p095_bio3,0.5808,0.999,butyrate
20230309,output//20230309_64DHH_replication_4NP_butyrate_2_all_data_calculated_slopes.csv,p017_bio3,0.5161,0.9703,butyrate
20230309,output//20230309_64DHH_replication_4NP_butyrate_2_all_data_calculated_slopes.csv,p017_bio1,0.4973,0.9642,butyrate
20230309,output//20230309_64DHH_replication_4NP_butyrate_2_all_data_calculated_slopes.csv,p079_bio2,0.4471,0.9798,butyrate
20230309,output//20230309_64DHH_replication_4NP_butyrate_2_all_data_calculated_slopes.csv,p079_bio3,0.4377,0.9952,butyrate
20230309,output//20230309_64DHH_replication_4NP_butyrate_2_all_data_calculated_slopes.csv,p023_bio3,0.405,0.9645,butyrate
20230309,output//20230309_64DHH_replication_4NP_butyrate_2_all_data_calculated_slopes.csv,p047_bio3,0.3828,0.957,butyrate
20230309,output//20230309_64DHH_replication_4NP_butyrate_2_all_data_calculated_slopes.csv,p083_bio2,0.3781,0.9527,butyrate
20230309,output//20230309_64DHH_replication_4NP_butyrate_2_all_data_calculated_slopes.csv,p047_bio1,0.364,0.9792,butyrate
20230309,output//20230309_64DHH_replication_4NP_butyrate_2_all_data_calculated_slopes.csv,p024_bio1,0.363,0.972,butyrate
20230309,output//20230309_64DHH_replication_4NP_butyrate_2_all_data_calculated_slopes.csv,p023_bio2,0.3504,0.9081,butyrate
20230309,output//20230309_64DHH_replication_4NP_butyrate_2_all_data_calculated_slopes.csv,EV_bio3,0.3461,0.9867,butyrate
20230309,output//20230309_64DHH_replication_4NP_butyrate_2_all_data_calculated_slopes.csv,p083_bio1,0.3374,0.9049,butyrate
20230309,output//20230309_64DHH_replication_4NP_butyrate_2_all_data_calculated_slopes.csv,p024_bio2,0.3374,0.9791,butyrate
20230309,output//20230309_64DHH_replication_4NP_butyrate_2_all_data_calculated_slopes.csv,p047_bio2,0.3316,0.9857,butyrate
20230309,output//20230309_64DHH_replication_4NP_butyrate_2_all_data_calculated_slopes.csv,p079_bio1,0.3286,0.9678,butyrate
20230309,output//20230309_64DHH_replication_4NP_butyrate_2_all_data_calculated_slopes.csv,p094_bio1,0.3145,0.9316,butyrate
20230309,output//20230309_64DHH_replication_4NP_butyrate_2_all_data_calculated_slopes.csv,p094_bio3,0.3119,0.9417,butyrate
20230309,output//20230309_64DHH_replication_4NP_butyrate_2_all_data_calculated_slopes.csv,p094_bio2,0.3038,0.978,butyrate
20230309,output//20230309_64DHH_replication_4NP_butyrate_2_all_data_calculated_slopes.csv,p023_bio1,0.2861,0.953,butyrate
20230309,output//20230309_64DHH_replication_4NP_butyrate_2_all_data_calculated_slopes.csv,EV_bio1,0.2665,0.9941,butyrate
20230309,output//20230309_64DHH_replication_4NP_butyrate_2_all_data_calculated_slopes.csv,EV_bio2,0.2063,0.9111,butyrate
20230309,output//20230309_64DHH_replication_4NP_butyrate_2_all_data_calculated_slopes.csv,p095_bio2,0.1117,0.9293,butyrate
20230323,output//20230323_64DHH_replication_4NP_butyrate_3_all_data_calculated_slopes.csv,DH_bio3,1.8125,0.9596,butyrate
20230323,output//20230323_64DHH_replication_4NP_butyrate_3_all_data_calculated_slopes.csv,p089_bio1,1.8121,0.9988,butyrate
20230323,output//20230323_64DHH_replication_4NP_butyrate_3_all_data_calculated_slopes.csv,p089_bio2,1.8088,0.9995,butyrate
20230323,output//20230323_64DHH_replication_4NP_butyrate_3_all_data_calculated_slopes.csv,p089_bio3,1.7018,0.9999,butyrate
20230323,output//20230323_64DHH_replication_4NP_butyrate_3_all_data_calculated_slopes.csv,DH_bio2,1.5929,0.9624,butyrate
20230323,output//20230323_64DHH_replication_4NP_butyrate_3_all_data_calculated_slopes.csv,DH_bio1,1.2749,0.9495,butyrate
20230323,output//20230323_64DHH_replication_4NP_butyrate_3_all_data_calculated_slopes.csv,p064_bio3,0.152,0.9986,butyrate
20230323,output//20230323_64DHH_replication_4NP_butyrate_3_all_data_calculated_slopes.csv,p054_bio3,0.0999,0.9994,butyrate
20230323,output//20230323_64DHH_replication_4NP_butyrate_3_all_data_calculated_slopes.csv,p019_bio3,0.0967,0.9105,butyrate
20230323,output//20230323_64DHH_replication_4NP_butyrate_3_all_data_calculated_slopes.csv,p077_bio1,0.0946,0.9934,butyrate
20230323,output//20230323_64DHH_replication_4NP_butyrate_3_all_data_calculated_slopes.csv,p064_bio1,0.0941,0.9985,butyrate
20230323,output//20230323_64DHH_replication_4NP_butyrate_3_all_data_calculated_slopes.csv,p033_bio2,0.0918,0.9994,butyrate
20230323,output//20230323_64DHH_replication_4NP_butyrate_3_all_data_calculated_slopes.csv,p054_bio2,0.0859,0.9983,butyrate
20230323,output//20230323_64DHH_replication_4NP_butyrate_3_all_data_calculated_slopes.csv,p077_bio2,0.0846,0.998,butyrate
20230323,output//20230323_64DHH_replication_4NP_butyrate_3_all_data_calculated_slopes.csv,EV_bio2,0.082,0.9982,butyrate
20230323,output//20230323_64DHH_replication_4NP_butyrate_3_all_data_calculated_slopes.csv,p064_bio2,0.0802,0.9969,butyrate
20230323,output//20230323_64DHH_replication_4NP_butyrate_3_all_data_calculated_slopes.csv,EV_bio3,0.0799,0.9991,butyrate
20230323,output//20230323_64DHH_replication_4NP_butyrate_3_all_data_calculated_slopes.csv,p033_bio1,0.0788,0.9995,butyrate
20230323,output//20230323_64DHH_replication_4NP_butyrate_3_all_data_calculated_slopes.csv,p033_bio3,0.0776,0.9997,butyrate
20230323,output//20230323_64DHH_replication_4NP_butyrate_3_all_data_calculated_slopes.csv,p077_bio3,0.0738,0.9992,butyrate
20230323,output//20230323_64DHH_replication_4NP_butyrate_3_all_data_calculated_slopes.csv,p042_bio3,0.0735,0.9988,butyrate
20230323,output//20230323_64DHH_replication_4NP_butyrate_3_all_data_calculated_slopes.csv,p054_bio1,0.0619,0.9998,butyrate
20230323,output//20230323_64DHH_replication_4NP_butyrate_3_all_data_calculated_slopes.csv,p045_bio2,0.0597,0.9993,butyrate
20230323,output//20230323_64DHH_replication_4NP_butyrate_3_all_data_calculated_slopes.csv,EV_bio1,0.0567,0.9984,butyrate
20230323,output//20230323_64DHH_replication_4NP_butyrate_3_all_data_calculated_slopes.csv,p042_bio2,0.056,0.9971,butyrate
20230323,output//20230323_64DHH_replication_4NP_butyrate_3_all_data_calculated_slopes.csv,p019_bio1,0.0512,0.9794,butyrate
20230323,output//20230323_64DHH_replication_4NP_butyrate_3_all_data_calculated_slopes.csv,p042_bio1,0.0503,0.9991,butyrate
20230323,output//20230323_64DHH_replication_4NP_butyrate_3_all_data_calculated_slopes.csv,p045_bio1,0.0501,0.9984,butyrate
20230323,output//20230323_64DHH_replication_4NP_butyrate_3_all_data_calculated_slopes.csv,p045_bio3,0.047,0.9996,butyrate
20230323,output//20230323_64DHH_replication_4NP_butyrate_3_all_data_calculated_slopes.csv,p019_bio2,0.0465,0.9887,butyrate
20230330,output//20230330_64DHH_replication_4NP_butyrate_4_all_data_calculated_slopes.csv,p028_2,3.6481,0.9923,butyrate
20230330,output//20230330_64DHH_replication_4NP_butyrate_4_all_data_calculated_slopes.csv,p028_1,3.4228,0.993,butyrate
20230330,output//20230330_64DHH_replication_4NP_butyrate_4_all_data_calculated_slopes.csv,p028_3,3.4216,0.996,butyrate
20230330,output//20230330_64DHH_replication_4NP_butyrate_4_all_data_calculated_slopes.csv,DH_2,1.9664,0.9901,butyrate
20230330,output//20230330_64DHH_replication_4NP_butyrate_4_all_data_calculated_slopes.csv,DH_1,1.9248,0.9875,butyrate
20230330,output//20230330_64DHH_replication_4NP_butyrate_4_all_data_calculated_slopes.csv,DH_3,1.8294,0.998,butyrate
20230330,output//20230330_64DHH_replication_4NP_butyrate_4_all_data_calculated_slopes.csv,p041_3,0.3949,0.9595,butyrate
20230330,output//20230330_64DHH_replication_4NP_butyrate_4_all_data_calculated_slopes.csv,p093_2,0.342,0.9974,butyrate
20230330,output//20230330_64DHH_replication_4NP_butyrate_4_all_data_calculated_slopes.csv,p065_1,0.3267,0.9985,butyrate
20230330,output//20230330_64DHH_replication_4NP_butyrate_4_all_data_calculated_slopes.csv,p076_3,0.3179,0.9989,butyrate
20230330,output//20230330_64DHH_replication_4NP_butyrate_4_all_data_calculated_slopes.csv,p053_3,0.2975,0.9948,butyrate
20230330,output//20230330_64DHH_replication_4NP_butyrate_4_all_data_calculated_slopes.csv,p078_1,0.2835,0.998,butyrate
20230330,output//20230330_64DHH_replication_4NP_butyrate_4_all_data_calculated_slopes.csv,p093_1,0.2802,0.9994,butyrate
20230330,output//20230330_64DHH_replication_4NP_butyrate_4_all_data_calculated_slopes.csv,p065_2,0.2773,0.9946,butyrate
20230330,output//20230330_64DHH_replication_4NP_butyrate_4_all_data_calculated_slopes.csv,p053_2,0.2585,0.9953,butyrate
20230330,output//20230330_64DHH_replication_4NP_butyrate_4_all_data_calculated_slopes.csv,p078_2,0.2583,0.9977,butyrate
20230330,output//20230330_64DHH_replication_4NP_butyrate_4_all_data_calculated_slopes.csv,p092_1,0.2348,0.9908,butyrate
20230330,output//20230330_64DHH_replication_4NP_butyrate_4_all_data_calculated_slopes.csv,p020_1,0.2133,0.9709,butyrate
20230330,output//20230330_64DHH_replication_4NP_butyrate_4_all_data_calculated_slopes.csv,p091_3,0.2123,0.9971,butyrate
20230330,output//20230330_64DHH_replication_4NP_butyrate_4_all_data_calculated_slopes.csv,p092_2,0.2041,0.9974,butyrate
20230330,output//20230330_64DHH_replication_4NP_butyrate_4_all_data_calculated_slopes.csv,p078_3,0.2016,0.999,butyrate
20230330,output//20230330_64DHH_replication_4NP_butyrate_4_all_data_calculated_slopes.csv,p068_3,0.2009,0.9984,butyrate
20230330,output//20230330_64DHH_replication_4NP_butyrate_4_all_data_calculated_slopes.csv,p080_1,0.1946,0.998,butyrate
20230330,output//20230330_64DHH_replication_4NP_butyrate_4_all_data_calculated_slopes.csv,p076_1,0.1936,0.9661,butyrate
20230330,output//20230330_64DHH_replication_4NP_butyrate_4_all_data_calculated_slopes.csv,p076_2,0.1936,0.9869,butyrate
20230330,output//20230330_64DHH_replication_4NP_butyrate_4_all_data_calculated_slopes.csv,p041_2,0.1935,0.9911,butyrate
20230330,output//20230330_64DHH_replication_4NP_butyrate_4_all_data_calculated_slopes.csv,p032_1,0.1768,0.9912,butyrate
20230330,output//20230330_64DHH_replication_4NP_butyrate_4_all_data_calculated_slopes.csv,p008_3,0.1762,0.9525,butyrate
20230330,output//20230330_64DHH_replication_4NP_butyrate_4_all_data_calculated_slopes.csv,p068_1,0.1761,0.9962,butyrate
20230330,output//20230330_64DHH_replication_4NP_butyrate_4_all_data_calculated_slopes.csv,p068_2,0.1756,0.9946,butyrate
20230330,output//20230330_64DHH_replication_4NP_butyrate_4_all_data_calculated_slopes.csv,p080_2,0.1751,0.998,butyrate
20230330,output//20230330_64DHH_replication_4NP_butyrate_4_all_data_calculated_slopes.csv,p091_2,0.1707,0.9972,butyrate
20230330,output//20230330_64DHH_replication_4NP_butyrate_4_all_data_calculated_slopes.csv,p093_3,0.1645,0.9943,butyrate
20230330,output//20230330_64DHH_replication_4NP_butyrate_4_all_data_calculated_slopes.csv,p091_1,0.1611,0.997,butyrate
20230330,output//20230330_64DHH_replication_4NP_butyrate_4_all_data_calculated_slopes.csv,p032_3,0.1543,0.9948,butyrate
20230330,output//20230330_64DHH_replication_4NP_butyrate_4_all_data_calculated_slopes.csv,p032_2,0.1537,0.9985,butyrate
20230330,output//20230330_64DHH_replication_4NP_butyrate_4_all_data_calculated_slopes.csv,p053_1,0.1527,0.9312,butyrate
20230330,output//20230330_64DHH_replication_4NP_butyrate_4_all_data_calculated_slopes.csv,p030_3,0.1386,0.9926,butyrate
20230330,output//20230330_64DHH_replication_4NP_butyrate_4_all_data_calculated_slopes.csv,p040_2,0.1351,0.9815,butyrate
20230330,output//20230330_64DHH_replication_4NP_butyrate_4_all_data_calculated_slopes.csv,p040_3,0.1348,0.9835,butyrate
20230330,output//20230330_64DHH_replication_4NP_butyrate_4_all_data_calculated_slopes.csv,p008_2,0.1347,0.9063,butyrate
20230330,output//20230330_64DHH_replication_4NP_butyrate_4_all_data_calculated_slopes.csv,p030_1,0.1319,0.9675,butyrate
20230330,output//20230330_64DHH_replication_4NP_butyrate_4_all_data_calculated_slopes.csv,p008_1,0.1287,0.9706,butyrate
20230330,output//20230330_64DHH_replication_4NP_butyrate_4_all_data_calculated_slopes.csv,p020_3,0.1272,0.9818,butyrate
20230330,output//20230330_64DHH_replication_4NP_butyrate_4_all_data_calculated_slopes.csv,p040_1,0.1261,0.9934,butyrate
20230330,output//20230330_64DHH_replication_4NP_butyrate_4_all_data_calculated_slopes.csv,p041_1,0.1248,0.9637,butyrate
20230330,output//20230330_64DHH_replication_4NP_butyrate_4_all_data_calculated_slopes.csv,p056_1,0.1214,0.9985,butyrate
20230330,output//20230330_64DHH_replication_4NP_butyrate_4_all_data_calculated_slopes.csv,p056_2,0.1196,0.9957,butyrate
20230330,output//20230330_64DHH_replication_4NP_butyrate_4_all_data_calculated_slopes.csv,EV_3,0.1156,0.9979,butyrate
20230330,output//20230330_64DHH_replication_4NP_butyrate_4_all_data_calculated_slopes.csv,p056_3,0.1116,0.999,butyrate
20230330,output//20230330_64DHH_replication_4NP_butyrate_4_all_data_calculated_slopes.csv,p021_1,0.1114,0.9916,butyrate
20230330,output//20230330_64DHH_replication_4NP_butyrate_4_all_data_calculated_slopes.csv,p021_2,0.0979,0.9479,butyrate
20230330,output//20230330_64DHH_replication_4NP_butyrate_4_all_data_calculated_slopes.csv,p081_3,0.091,0.9927,butyrate
20230330,output//20230330_64DHH_replication_4NP_butyrate_4_all_data_calculated_slopes.csv,p092_3,0.0862,0.9361,butyrate
20230330,output//20230330_64DHH_replication_4NP_butyrate_4_all_data_calculated_slopes.csv,p030_2,0.0857,0.9935,butyrate
20230330,output//20230330_64DHH_replication_4NP_butyrate_4_all_data_calculated_slopes.csv,p065_3,0.0834,0.982,butyrate
20230330,output//20230330_64DHH_replication_4NP_butyrate_4_all_data_calculated_slopes.csv,p081_2,0.0808,0.9964,butyrate
20230330,output//20230330_64DHH_replication_4NP_butyrate_4_all_data_calculated_slopes.csv,p081_1,0.0779,0.9983,butyrate
20230330,output//20230330_64DHH_replication_4NP_butyrate_4_all_data_calculated_slopes.csv,p090_1,0.0711,0.9525,butyrate
20230330,output//20230330_64DHH_replication_4NP_butyrate_4_all_data_calculated_slopes.csv,EV_1,0.0704,0.9953,butyrate
20230330,output//20230330_64DHH_replication_4NP_butyrate_4_all_data_calculated_slopes.csv,p080_3,0.0671,0.9666,butyrate
20230330,output//20230330_64DHH_replication_4NP_butyrate_4_all_data_calculated_slopes.csv,p020_2,0.0636,0.9668,butyrate
20230330,output//20230330_64DHH_replication_4NP_butyrate_4_all_data_calculated_slopes.csv,EV_2,0.0584,0.9939,butyrate
20230330,output//20230330_64DHH_replication_4NP_butyrate_4_all_data_calculated_slopes.csv,p090_3,0.0577,0.9996,butyrate
20230330,output//20230330_64DHH_replication_4NP_butyrate_4_all_data_calculated_slopes.csv,p090_2,0.0554,0.9975,butyrate
20230406,output//20230406_20230406_64DHH_replication_4NP_butyrate_5_all_data_calculated_slopes.csv,DH,2.142,0.9907,butyrate
20230406,output//20230406_20230406_64DHH_replication_4NP_butyrate_5_all_data_calculated_slopes.csv,p055,2.1098,1,butyrate
20230406,output//20230406_20230406_64DHH_replication_4NP_butyrate_5_all_data_calculated_slopes.csv,p069,1.9064,0.9998,butyrate
20230406,output//20230406_20230406_64DHH_replication_4NP_butyrate_5_all_data_calculated_slopes.csv,p006,1.4921,0.9999,butyrate
20230406,output//20230406_20230406_64DHH_replication_4NP_butyrate_5_all_data_calculated_slopes.csv,p007,0.559,0.9989,butyrate
20230406,output//20230406_20230406_64DHH_replication_4NP_butyrate_5_all_data_calculated_slopes.csv,p075,0.3507,0.9999,butyrate
20230406,output//20230406_20230406_64DHH_replication_4NP_butyrate_5_all_data_calculated_slopes.csv,p066,0.2476,0.9993,butyrate
20230406,output//20230406_20230406_64DHH_replication_4NP_butyrate_5_all_data_calculated_slopes.csv,p005,0.2266,0.9997,butyrate
20230406,output//20230406_20230406_64DHH_replication_4NP_butyrate_5_all_data_calculated_slopes.csv,p058,0.2123,0.9991,butyrate
20230406,output//20230406_20230406_64DHH_replication_4NP_butyrate_5_all_data_calculated_slopes.csv,p011,0.1899,0.9981,butyrate
20230406,output//20230406_20230406_64DHH_replication_4NP_butyrate_5_all_data_calculated_slopes.csv,p087,0.184,0.9999,butyrate
20230406,output//20230406_20230406_64DHH_replication_4NP_butyrate_5_all_data_calculated_slopes.csv,p016,0.1714,0.9998,butyrate
20230406,output//20230406_20230406_64DHH_replication_4NP_butyrate_5_all_data_calculated_slopes.csv,p088,0.1702,0.9987,butyrate
20230406,output//20230406_20230406_64DHH_replication_4NP_butyrate_5_all_data_calculated_slopes.csv,p022,0.1641,0.9997,butyrate
20230406,output//20230406_20230406_64DHH_replication_4NP_butyrate_5_all_data_calculated_slopes.csv,p067,0.1557,0.9999,butyrate
20230406,output//20230406_20230406_64DHH_replication_4NP_butyrate_5_all_data_calculated_slopes.csv,p043,0.1525,0.9992,butyrate
20230406,output//20230406_20230406_64DHH_replication_4NP_butyrate_5_all_data_calculated_slopes.csv,p031,0.1359,0.9998,butyrate
20230406,output//20230406_20230406_64DHH_replication_4NP_butyrate_5_all_data_calculated_slopes.csv,p057,0.1224,0.9998,butyrate
20230406,output//20230406_20230406_64DHH_replication_4NP_butyrate_5_all_data_calculated_slopes.csv,p018,0.1189,0.9969,butyrate
20230406,output//20230406_20230406_64DHH_replication_4NP_butyrate_5_all_data_calculated_slopes.csv,p070,0.1146,0.9718,butyrate
20230406,output//20230406_20230406_64DHH_replication_4NP_butyrate_5_all_data_calculated_slopes.csv,p034,0.1134,0.9999,butyrate
20230406,output//20230406_20230406_64DHH_replication_4NP_butyrate_5_all_data_calculated_slopes.csv,p010,0.1118,0.9869,butyrate
20230406,output//20230406_20230406_64DHH_replication_4NP_butyrate_5_all_data_calculated_slopes.csv,p044,0.1108,0.9966,butyrate
20230406,output//20230406_20230406_64DHH_replication_4NP_butyrate_5_all_data_calculated_slopes.csv,EV,0.1084,0.9944,butyrate
20230406,output//20230406_20230406_64DHH_replication_4NP_butyrate_5_all_data_calculated_slopes.csv,p004,0.1009,0.9826,butyrate
20230421,output//20230421_20230421_64DHH_replication_4NP_butyrate_6_all_data_calculated_slopes.csv,DH_1,5.4491,0.9165,butyrate
20230421,output//20230421_20230421_64DHH_replication_4NP_butyrate_6_all_data_calculated_slopes.csv,p069_bio3,3.043,0.9999,butyrate
20230421,output//20230421_20230421_64DHH_replication_4NP_butyrate_6_all_data_calculated_slopes.csv,p069_bio2,3.0222,0.9989,butyrate
20230421,output//20230421_20230421_64DHH_replication_4NP_butyrate_6_all_data_calculated_slopes.csv,p069_bio1,2.8443,0.9997,butyrate
20230421,output//20230421_20230421_64DHH_replication_4NP_butyrate_6_all_data_calculated_slopes.csv,p006_bio1,1.6503,0.9999,butyrate
20230421,output//20230421_20230421_64DHH_replication_4NP_butyrate_6_all_data_calculated_slopes.csv,p006_bio3,1.6059,1,butyrate
20230421,output//20230421_20230421_64DHH_replication_4NP_butyrate_6_all_data_calculated_slopes.csv,p006_bio2,1.3412,0.9999,butyrate
20230421,output//20230421_20230421_64DHH_replication_4NP_butyrate_6_all_data_calculated_slopes.csv,p075_bio1,0.7458,1,butyrate
20230421,output//20230421_20230421_64DHH_replication_4NP_butyrate_6_all_data_calculated_slopes.csv,p007_bio3,0.7162,1,butyrate
20230421,output//20230421_20230421_64DHH_replication_4NP_butyrate_6_all_data_calculated_slopes.csv,p075_bio3,0.6949,1,butyrate
20230421,output//20230421_20230421_64DHH_replication_4NP_butyrate_6_all_data_calculated_slopes.csv,p075_bio2,0.6413,1,butyrate
20230421,output//20230421_20230421_64DHH_replication_4NP_butyrate_6_all_data_calculated_slopes.csv,p007_bio1,0.623,1,butyrate
20230421,output//20230421_20230421_64DHH_replication_4NP_butyrate_6_all_data_calculated_slopes.csv,p007_bio2,0.6176,1,butyrate
20230421,output//20230421_20230421_64DHH_replication_4NP_butyrate_6_all_data_calculated_slopes.csv,p016_bio3,0.1556,0.9399,butyrate
20230421,output//20230421_20230421_64DHH_replication_4NP_butyrate_6_all_data_calculated_slopes.csv,p022_bio2,0.1462,0.9987,butyrate
20230421,output//20230421_20230421_64DHH_replication_4NP_butyrate_6_all_data_calculated_slopes.csv,p016_bio1,0.1344,0.9989,butyrate
20230421,output//20230421_20230421_64DHH_replication_4NP_butyrate_6_all_data_calculated_slopes.csv,p022_bio3,0.1316,0.9999,butyrate
20230421,output//20230421_20230421_64DHH_replication_4NP_butyrate_6_all_data_calculated_slopes.csv,p016_bio2,0.128,0.9992,butyrate
20230421,output//20230421_20230421_64DHH_replication_4NP_butyrate_6_all_data_calculated_slopes.csv,p022_bio1,0.1246,0.9988,butyrate
20230421,output//20230421_20230421_64DHH_replication_4NP_butyrate_6_all_data_calculated_slopes.csv,EV_1,0.108,0.9999,butyrate
20230302,output//20230302_64DHH_replication_4NP_trimethylacetate_all_data_calculated_slopes.csv,DH_bio2,2.748,0.9936,trimethylacetate
20230302,output//20230302_64DHH_replication_4NP_trimethylacetate_all_data_calculated_slopes.csv,DH_bio1,2.3807,0.9816,trimethylacetate
20230302,output//20230302_64DHH_replication_4NP_trimethylacetate_all_data_calculated_slopes.csv,DH_bio3,2.2686,0.9222,trimethylacetate
20230302,output//20230302_64DHH_replication_4NP_trimethylacetate_all_data_calculated_slopes.csv,p012_bio2,0.3155,0.98740000000000006,trimethylacetate
20230302,output//20230302_64DHH_replication_4NP_trimethylacetate_all_data_calculated_slopes.csv,Asti_bio2,0.295,0.9585,trimethylacetate
20230302,output//20230302_64DHH_replication_4NP_trimethylacetate_all_data_calculated_slopes.csv,p006_bio3,0.2303,0.9888,trimethylacetate
20230302,output//20230302_64DHH_replication_4NP_trimethylacetate_all_data_calculated_slopes.csv,Asti_bio1,0.1961,0.9885,trimethylacetate
20230302,output//20230302_64DHH_replication_4NP_trimethylacetate_all_data_calculated_slopes.csv,Asti_bio3,0.1544,0.9886,trimethylacetate
20230302,output//20230302_64DHH_replication_4NP_trimethylacetate_all_data_calculated_slopes.csv,p082_bio3,0.1481,0.909,trimethylacetate
20230302,output//20230302_64DHH_replication_4NP_trimethylacetate_all_data_calculated_slopes.csv,p071_bio3,0.1417,0.9644,trimethylacetate
20230302,output//20230302_64DHH_replication_4NP_trimethylacetate_all_data_calculated_slopes.csv,p006_bio2,0.1168,0.9473,trimethylacetate
20230302,output//20230302_64DHH_replication_4NP_trimethylacetate_all_data_calculated_slopes.csv,p059_bio1,0.1087,0.9845,trimethylacetate
20230302,output//20230302_64DHH_replication_4NP_trimethylacetate_all_data_calculated_slopes.csv,p059_bio3,0.105,0.9516,trimethylacetate
20230302,output//20230302_64DHH_replication_4NP_trimethylacetate_all_data_calculated_slopes.csv,p035_bio2,0.1047,0.9238,trimethylacetate
20230302,output//20230302_64DHH_replication_4NP_trimethylacetate_all_data_calculated_slopes.csv,p012_bio1,0.0969,0.9299,trimethylacetate
20230302,output//20230302_64DHH_replication_4NP_trimethylacetate_all_data_calculated_slopes.csv,p012_bio3,0.094,0.9854,trimethylacetate
20230302,output//20230302_64DHH_replication_4NP_trimethylacetate_all_data_calculated_slopes.csv,p006_bio1,0.0891,0.9732,trimethylacetate
20230302,output//20230302_64DHH_replication_4NP_trimethylacetate_all_data_calculated_slopes.csv,EV_bio3,0.0758,0.9845,trimethylacetate
20230302,output//20230302_64DHH_replication_4NP_trimethylacetate_all_data_calculated_slopes.csv,p082_bio2,0.0641,0.9202,trimethylacetate
20230302,output//20230302_64DHH_replication_4NP_trimethylacetate_all_data_calculated_slopes.csv,N41_bio3,0.0509,0.9034,trimethylacetate
20230302,output//20230302_64DHH_replication_4NP_trimethylacetate_all_data_calculated_slopes.csv,p059_bio2,0.0499,0.9302,trimethylacetate
20230302,output//20230302_64DHH_replication_4NP_trimethylacetate_all_data_calculated_slopes.csv,EV_bio2,0.0399,0.9492,trimethylacetate
20230302,output//20230302_64DHH_replication_4NP_trimethylacetate_all_data_calculated_slopes.csv,p035_bio1,0.0363,0.9016,trimethylacetate
20230302,output//20230302_64DHH_replication_4NP_trimethylacetate_all_data_calculated_slopes.csv,p071_bio1,0.0283,0.92490000000000006,trimethylacetate
20230302,output//20230302_64DHH_replication_4NP_trimethylacetate_all_data_calculated_slopes.csv,EV_bio1,0.0282,0.9095,trimethylacetate
20230302,output//20230302_64DHH_replication_4NP_trimethylacetate_all_data_calculated_slopes.csv,N41_bio1,0.021,0.9581,trimethylacetate
20230309,output//20230309_64DHH_replication_4NP_trimethylacetate_2_all_data_calculated_slopes.csv,DH_bio3,3.4583,0.9354,trimethylacetate
20230309,output//20230309_64DHH_replication_4NP_trimethylacetate_2_all_data_calculated_slopes.csv,p024_bio3,0.4238,0.9965,trimethylacetate
20230309,output//20230309_64DHH_replication_4NP_trimethylacetate_2_all_data_calculated_slopes.csv,p079_bio2,0.3686,0.9895,trimethylacetate
20230309,output//20230309_64DHH_replication_4NP_trimethylacetate_2_all_data_calculated_slopes.csv,p083_bio2,0.3394,0.9902,trimethylacetate
20230309,output//20230309_64DHH_replication_4NP_trimethylacetate_2_all_data_calculated_slopes.csv,p083_bio3,0.3053,0.9891,trimethylacetate
20230309,output//20230309_64DHH_replication_4NP_trimethylacetate_2_all_data_calculated_slopes.csv,p017_bio3,0.2468,0.9892,trimethylacetate
20230309,output//20230309_64DHH_replication_4NP_trimethylacetate_2_all_data_calculated_slopes.csv,p024_bio1,0.2455,0.9899,trimethylacetate
20230309,output//20230309_64DHH_replication_4NP_trimethylacetate_2_all_data_calculated_slopes.csv,p095_bio2,0.2336,0.9992,trimethylacetate
20230309,output//20230309_64DHH_replication_4NP_trimethylacetate_2_all_data_calculated_slopes.csv,p094_bio2,0.2309,0.9318,trimethylacetate
20230309,output//20230309_64DHH_replication_4NP_trimethylacetate_2_all_data_calculated_slopes.csv,DH_bio2,0.2279,0.9792,trimethylacetate
20230309,output//20230309_64DHH_replication_4NP_trimethylacetate_2_all_data_calculated_slopes.csv,p083_bio1,0.2256,0.9957,trimethylacetate
20230309,output//20230309_64DHH_replication_4NP_trimethylacetate_2_all_data_calculated_slopes.csv,p079_bio3,0.2224,0.9993,trimethylacetate
20230309,output//20230309_64DHH_replication_4NP_trimethylacetate_2_all_data_calculated_slopes.csv,EV_bio1,0.2179,0.9975,trimethylacetate
20230309,output//20230309_64DHH_replication_4NP_trimethylacetate_2_all_data_calculated_slopes.csv,p024_bio2,0.2145,0.9947,trimethylacetate
20230309,output//20230309_64DHH_replication_4NP_trimethylacetate_2_all_data_calculated_slopes.csv,p023_bio3,0.2144,0.9998,trimethylacetate
20230309,output//20230309_64DHH_replication_4NP_trimethylacetate_2_all_data_calculated_slopes.csv,p095_bio1,0.2109,0.9917,trimethylacetate
20230309,output//20230309_64DHH_replication_4NP_trimethylacetate_2_all_data_calculated_slopes.csv,p095_bio3,0.2032,0.9918,trimethylacetate
20230309,output//20230309_64DHH_replication_4NP_trimethylacetate_2_all_data_calculated_slopes.csv,p023_bio2,0.1995,0.9992,trimethylacetate
20230309,output//20230309_64DHH_replication_4NP_trimethylacetate_2_all_data_calculated_slopes.csv,p047_bio3,0.1976,0.9968,trimethylacetate
20230309,output//20230309_64DHH_replication_4NP_trimethylacetate_2_all_data_calculated_slopes.csv,p023_bio1,0.1928,0.9977,trimethylacetate
20230309,output//20230309_64DHH_replication_4NP_trimethylacetate_2_all_data_calculated_slopes.csv,p017_bio2,0.1882,0.978,trimethylacetate
20230309,output//20230309_64DHH_replication_4NP_trimethylacetate_2_all_data_calculated_slopes.csv,p047_bio2,0.1881,0.9972,trimethylacetate
20230309,output//20230309_64DHH_replication_4NP_trimethylacetate_2_all_data_calculated_slopes.csv,p094_bio3,0.1844,0.9981,trimethylacetate
20230309,output//20230309_64DHH_replication_4NP_trimethylacetate_2_all_data_calculated_slopes.csv,EV_bio3,0.1806,0.9909,trimethylacetate
20230309,output//20230309_64DHH_replication_4NP_trimethylacetate_2_all_data_calculated_slopes.csv,p047_bio1,0.1794,0.9914,trimethylacetate
20230309,output//20230309_64DHH_replication_4NP_trimethylacetate_2_all_data_calculated_slopes.csv,EV_bio2,0.1686,0.9893,trimethylacetate
20230309,output//20230309_64DHH_replication_4NP_trimethylacetate_2_all_data_calculated_slopes.csv,p094_bio1,0.1602,0.9609,trimethylacetate
20230309,output//20230309_64DHH_replication_4NP_trimethylacetate_2_all_data_calculated_slopes.csv,p017_bio1,0.1592,0.9988,trimethylacetate
20230309,output//20230309_64DHH_replication_4NP_trimethylacetate_2_all_data_calculated_slopes.csv,p079_bio1,0.1333,0.9985,trimethylacetate
20230309,output//20230309_64DHH_replication_4NP_trimethylacetate_2_all_data_calculated_slopes.csv,DH_bio1,0.1291,0.9966,trimethylacetate
20230323,output//20230323_64DHH_replication_4NP_trimethylacetate_3_all_data_calculated_slopes.csv,DH_bio3,2.5328,0.9965,trimethylacetate
20230323,output//20230323_64DHH_replication_4NP_trimethylacetate_3_all_data_calculated_slopes.csv,DH_bio1,2.2905,0.9994,trimethylacetate
20230323,output//20230323_64DHH_replication_4NP_trimethylacetate_3_all_data_calculated_slopes.csv,DH_bio2,2.0999,0.997,trimethylacetate
20230323,output//20230323_64DHH_replication_4NP_trimethylacetate_3_all_data_calculated_slopes.csv,p019_bio2,0.3745,0.9341,trimethylacetate
20230323,output//20230323_64DHH_replication_4NP_trimethylacetate_3_all_data_calculated_slopes.csv,p064_bio2,0.3134,0.9711,trimethylacetate
20230323,output//20230323_64DHH_replication_4NP_trimethylacetate_3_all_data_calculated_slopes.csv,p089_bio1,0.2823,0.9101,trimethylacetate
20230323,output//20230323_64DHH_replication_4NP_trimethylacetate_3_all_data_calculated_slopes.csv,p064_bio1,0.2778,0.9412,trimethylacetate
20230323,output//20230323_64DHH_replication_4NP_trimethylacetate_3_all_data_calculated_slopes.csv,p064_bio3,0.272,0.9781,trimethylacetate
20230323,output//20230323_64DHH_replication_4NP_trimethylacetate_3_all_data_calculated_slopes.csv,p033_bio2,0.2668,0.9839,trimethylacetate
20230323,output//20230323_64DHH_replication_4NP_trimethylacetate_3_all_data_calculated_slopes.csv,p089_bio3,0.2293,0.9265,trimethylacetate
20230323,output//20230323_64DHH_replication_4NP_trimethylacetate_3_all_data_calculated_slopes.csv,p033_bio3,0.2169,0.9645,trimethylacetate
20230323,output//20230323_64DHH_replication_4NP_trimethylacetate_3_all_data_calculated_slopes.csv,p019_bio3,0.2063,0.9561,trimethylacetate
20230323,output//20230323_64DHH_replication_4NP_trimethylacetate_3_all_data_calculated_slopes.csv,p042_bio2,0.1583,0.9194,trimethylacetate
20230323,output//20230323_64DHH_replication_4NP_trimethylacetate_3_all_data_calculated_slopes.csv,p045_bio2,0.1386,0.9001,trimethylacetate
20230323,output//20230323_64DHH_replication_4NP_trimethylacetate_3_all_data_calculated_slopes.csv,p042_bio3,0.1299,0.9519,trimethylacetate
20230323,output//20230323_64DHH_replication_4NP_trimethylacetate_3_all_data_calculated_slopes.csv,p054_bio3,0.1241,0.9265,trimethylacetate
20230323,output//20230323_64DHH_replication_4NP_trimethylacetate_3_all_data_calculated_slopes.csv,p077_bio1,0.1106,0.9544,trimethylacetate
20230323,output//20230323_64DHH_replication_4NP_trimethylacetate_3_all_data_calculated_slopes.csv,p054_bio2,0.1073,0.9216,trimethylacetate
20230323,output//20230323_64DHH_replication_4NP_trimethylacetate_3_all_data_calculated_slopes.csv,p054_bio1,0.092,0.9955,trimethylacetate
20230323,output//20230323_64DHH_replication_4NP_trimethylacetate_3_all_data_calculated_slopes.csv,p077_bio2,0.0887,0.9362,trimethylacetate
20230323,output//20230323_64DHH_replication_4NP_trimethylacetate_3_all_data_calculated_slopes.csv,p042_bio1,0.0839,0.9339,trimethylacetate
20230323,output//20230323_64DHH_replication_4NP_trimethylacetate_3_all_data_calculated_slopes.csv,p033_bio1,0.0805,0.9589,trimethylacetate
20230323,output//20230323_64DHH_replication_4NP_trimethylacetate_3_all_data_calculated_slopes.csv,EV_bio3,0.0688,0.9336,trimethylacetate
20230323,output//20230323_64DHH_replication_4NP_trimethylacetate_3_all_data_calculated_slopes.csv,p077_bio3,0.0661,0.9798,trimethylacetate
20230323,output//20230323_64DHH_replication_4NP_trimethylacetate_3_all_data_calculated_slopes.csv,p019_bio1,0.0592,0.9665,trimethylacetate
20230323,output//20230323_64DHH_replication_4NP_trimethylacetate_3_all_data_calculated_slopes.csv,EV_bio2,0.0545,0.9079,trimethylacetate
20230323,output//20230323_64DHH_replication_4NP_trimethylacetate_3_all_data_calculated_slopes.csv,EV_bio1,0.0499,0.9612,trimethylacetate
20230330,output//20230330_64DHH_replication_4NP_trimethylacetate_4_all_data_calculated_slopes.csv,DH_3,2.0909,0.9928,trimethylacetate
20230330,output//20230330_64DHH_replication_4NP_trimethylacetate_4_all_data_calculated_slopes.csv,DH_1,2.0304,0.9984,trimethylacetate
20230330,output//20230330_64DHH_replication_4NP_trimethylacetate_4_all_data_calculated_slopes.csv,DH_2,1.9879,0.9905,trimethylacetate
20230330,output//20230330_64DHH_replication_4NP_trimethylacetate_4_all_data_calculated_slopes.csv,p076_3,0.2604,0.9185,trimethylacetate
20230330,output//20230330_64DHH_replication_4NP_trimethylacetate_4_all_data_calculated_slopes.csv,p028_1,0.26,0.9424,trimethylacetate
20230330,output//20230330_64DHH_replication_4NP_trimethylacetate_4_all_data_calculated_slopes.csv,p080_1,0.26,0.9282,trimethylacetate
20230330,output//20230330_64DHH_replication_4NP_trimethylacetate_4_all_data_calculated_slopes.csv,p041_2,0.2266,0.9691,trimethylacetate
20230330,output//20230330_64DHH_replication_4NP_trimethylacetate_4_all_data_calculated_slopes.csv,p093_2,0.223,0.9189,trimethylacetate
20230330,output//20230330_64DHH_replication_4NP_trimethylacetate_4_all_data_calculated_slopes.csv,p056_2,0.2179,0.915,trimethylacetate
20230330,output//20230330_64DHH_replication_4NP_trimethylacetate_4_all_data_calculated_slopes.csv,p030_3,0.2113,0.9233,trimethylacetate
20230330,output//20230330_64DHH_replication_4NP_trimethylacetate_4_all_data_calculated_slopes.csv,p008_1,0.171,0.9185,trimethylacetate
20230330,output//20230330_64DHH_replication_4NP_trimethylacetate_4_all_data_calculated_slopes.csv,p091_1,0.1645,0.9562,trimethylacetate
20230330,output//20230330_64DHH_replication_4NP_trimethylacetate_4_all_data_calculated_slopes.csv,p076_2,0.124,0.9358,trimethylacetate
20230330,output//20230330_64DHH_replication_4NP_trimethylacetate_4_all_data_calculated_slopes.csv,p040_2,0.0568,0.9413,trimethylacetate
20230330,output//20230330_64DHH_replication_4NP_trimethylacetate_4_all_data_calculated_slopes.csv,p056_1,0.0492,0.9692,trimethylacetate
20230330,output//20230330_64DHH_replication_4NP_trimethylacetate_4_all_data_calculated_slopes.csv,p081_3,0.0399,0.9535,trimethylacetate
20230330,output//20230330_64DHH_replication_4NP_trimethylacetate_4_all_data_calculated_slopes.csv,p081_1,0.031,0.9214,trimethylacetate
20230330,output//20230330_64DHH_replication_4NP_trimethylacetate_4_all_data_calculated_slopes.csv,p020_2,-0.0438,0.9602,trimethylacetate
20230330,output//20230330_64DHH_replication_4NP_trimethylacetate_4_all_data_calculated_slopes.csv,p065_3,-0.142,0.9518,trimethylacetate
20230406,output//20230406_20230406_64DHH_replication_4NP_trimethylacetate_5_all_data_calculated_slopes.csv,DH,1.7543,0.998,trimethylacetate
20230406,output//20230406_20230406_64DHH_replication_4NP_trimethylacetate_5_all_data_calculated_slopes.csv,p055,0.4686,0.9868,trimethylacetate
20230406,output//20230406_20230406_64DHH_replication_4NP_trimethylacetate_5_all_data_calculated_slopes.csv,p022,0.2846,0.9565,trimethylacetate
20230406,output//20230406_20230406_64DHH_replication_4NP_trimethylacetate_5_all_data_calculated_slopes.csv,p016,0.28,0.971,trimethylacetate
20230406,output//20230406_20230406_64DHH_replication_4NP_trimethylacetate_5_all_data_calculated_slopes.csv,p010,0.2724,0.9655,trimethylacetate
20230406,output//20230406_20230406_64DHH_replication_4NP_trimethylacetate_5_all_data_calculated_slopes.csv,p067,0.2699,0.9531,trimethylacetate
20230406,output//20230406_20230406_64DHH_replication_4NP_trimethylacetate_5_all_data_calculated_slopes.csv,p011,0.2675,0.9452,trimethylacetate
20230406,output//20230406_20230406_64DHH_replication_4NP_trimethylacetate_5_all_data_calculated_slopes.csv,p007,0.251,0.9737,trimethylacetate
20230406,output//20230406_20230406_64DHH_replication_4NP_trimethylacetate_5_all_data_calculated_slopes.csv,p057,0.2332,0.9214,trimethylacetate
20230406,output//20230406_20230406_64DHH_replication_4NP_trimethylacetate_5_all_data_calculated_slopes.csv,p018,0.219,0.9389,trimethylacetate
20230406,output//20230406_20230406_64DHH_replication_4NP_trimethylacetate_5_all_data_calculated_slopes.csv,p034,0.2109,0.9063,trimethylacetate
20230406,output//20230406_20230406_64DHH_replication_4NP_trimethylacetate_5_all_data_calculated_slopes.csv,p005,0.1967,0.9558,trimethylacetate
20230406,output//20230406_20230406_64DHH_replication_4NP_trimethylacetate_5_all_data_calculated_slopes.csv,p031,0.1705,0.9606,trimethylacetate
20230406,output//20230406_20230406_64DHH_replication_4NP_trimethylacetate_5_all_data_calculated_slopes.csv,p069,0.1634,0.9682,trimethylacetate
20230406,output//20230406_20230406_64DHH_replication_4NP_trimethylacetate_5_all_data_calculated_slopes.csv,p066,0.1627,0.9826,trimethylacetate
20230406,output//20230406_20230406_64DHH_replication_4NP_trimethylacetate_5_all_data_calculated_slopes.csv,p043,0.1532,0.9829,trimethylacetate
20230406,output//20230406_20230406_64DHH_replication_4NP_trimethylacetate_5_all_data_calculated_slopes.csv,p087,0.1505,0.9081,trimethylacetate
20230406,output//20230406_20230406_64DHH_replication_4NP_trimethylacetate_5_all_data_calculated_slopes.csv,p006,0.1287,0.9174,trimethylacetate
20230406,output//20230406_20230406_64DHH_replication_4NP_trimethylacetate_5_all_data_calculated_slopes.csv,p058,0.121,0.9644,trimethylacetate
20230406,output//20230406_20230406_64DHH_replication_4NP_trimethylacetate_5_all_data_calculated_slopes.csv,p044,0.0793,0.9101,trimethylacetate
20230406,output//20230406_20230406_64DHH_replication_4NP_trimethylacetate_5_all_data_calculated_slopes.csv,p075,0.0721,0.9105,trimethylacetate
20230421,output//20230421_20230421_64DHH_replication_4NP_trimethylacetate_6_all_data_calculated_slopes.csv,DH_1,3.6253,0.989,trimethylacetate
20230421,output//20230421_20230421_64DHH_replication_4NP_trimethylacetate_6_all_data_calculated_slopes.csv,p007_bio2,0.2147,0.9782,trimethylacetate
20230421,output//20230421_20230421_64DHH_replication_4NP_trimethylacetate_6_all_data_calculated_slopes.csv,p069_bio3,0.1445,0.9751,trimethylacetate
20230421,output//20230421_20230421_64DHH_replication_4NP_trimethylacetate_6_all_data_calculated_slopes.csv,p006_bio1,0.1326,0.9765,trimethylacetate
20230421,output//20230421_20230421_64DHH_replication_4NP_trimethylacetate_6_all_data_calculated_slopes.csv,p022_bio2,0.1231,0.9311,trimethylacetate
20230421,output//20230421_20230421_64DHH_replication_4NP_trimethylacetate_6_all_data_calculated_slopes.csv,p022_bio3,0.1137,0.9643,trimethylacetate
20230421,output//20230421_20230421_64DHH_replication_4NP_trimethylacetate_6_all_data_calculated_slopes.csv,p006_bio2,0.0934,0.9764,trimethylacetate
20230421,output//20230421_20230421_64DHH_replication_4NP_trimethylacetate_6_all_data_calculated_slopes.csv,p006_bio3,0.0897,0.9305,trimethylacetate
20230421,output//20230421_20230421_64DHH_replication_4NP_trimethylacetate_6_all_data_calculated_slopes.csv,p016_bio2,0.0841,0.9297,trimethylacetate
20230421,output//20230421_20230421_64DHH_replication_4NP_trimethylacetate_6_all_data_calculated_slopes.csv,p016_bio3,0.0714,0.9339,trimethylacetate
20230421,output//20230421_20230421_64DHH_replication_4NP_trimethylacetate_6_all_data_calculated_slopes.csv,p069_bio1,0.0714,0.9399,trimethylacetate
20230421,output//20230421_20230421_64DHH_replication_4NP_trimethylacetate_6_all_data_calculated_slopes.csv,p007_bio3,0.0396,0.964,trimethylacetate
20230421,output//20230421_20230421_64DHH_replication_4NP_trimethylacetate_6_all_data_calculated_slopes.csv,p075_bio2,0.0217,0.9708,trimethylacetate
